RMSE,MAE,R2
0.9889013659207211,0.25379378027460464,0.9985279875983069
